userId,userKey
670cca73e0941d56b05ee5fd,1
670cca73e0941d56b05ee375,2
670cca73e0941d56b05ee5da,3
670cca73e0941d56b05ee545,4
670cca73e0941d56b05ee3ea,5
670cca73e0941d56b05ee4b2,6
670cca73e0941d56b05ee307,7
670cca73e0941d56b05ee631,8
670cca73e0941d56b05ee5b4,9
670cca73e0941d56b05ee50e,10
670cca73e0941d56b05ee522,11
670cca73e0941d56b05ee606,12
670cca73e0941d56b05ee2ad,13
670cca73e0941d56b05ee376,14
670cca73e0941d56b05ee51b,15
670cca73e0941d56b05ee326,16
670cca73e0941d56b05ee45a,17
670cca73e0941d56b05ee648,18
670cca73e0941d56b05ee51c,19
670cca73e0941d56b05ee2e9,20
670cca73e0941d56b05ee42d,21
670cca73e0941d56b05ee609,22
670cca73e0941d56b05ee303,23
670cca73e0941d56b05ee602,24
670cca73e0941d56b05ee357,25
670cca73e0941d56b05ee322,26
670cca73e0941d56b05ee5cd,27
670cca73e0941d56b05ee333,28
670cca73e0941d56b05ee2e0,29
670cca73e0941d56b05ee3d6,30
670cca73e0941d56b05ee437,31
670cca73e0941d56b05ee27e,32
670cca73e0941d56b05ee385,33
670cca73e0941d56b05ee477,34
670cca73e0941d56b05ee4b9,35
670cca73e0941d56b05ee44f,36
670cca73e0941d56b05ee5a3,37
670cca73e0941d56b05ee531,38
670cca73e0941d56b05ee5c5,39
670cca73e0941d56b05ee294,40
670cca73e0941d56b05ee54f,41
670cca73e0941d56b05ee62c,42
670cca73e0941d56b05ee2d6,43
670cca73e0941d56b05ee482,44
670cca73e0941d56b05ee553,45
670cca73e0941d56b05ee3aa,46
670cca73e0941d56b05ee474,47
670cca73e0941d56b05ee568,48
670cca73e0941d56b05ee4e7,49
670cca73e0941d56b05ee4a2,50
670cca73e0941d56b05ee3ad,51
670cca73e0941d56b05ee549,52
670cca73e0941d56b05ee2be,53
670cca73e0941d56b05ee5e3,54
670cca73e0941d56b05ee3ee,55
670cca73e0941d56b05ee520,56
670cca73e0941d56b05ee55e,57
670cca73e0941d56b05ee62e,58
670cca73e0941d56b05ee3bd,59
670cca73e0941d56b05ee367,60
670cca73e0941d56b05ee3a3,61
670cca73e0941d56b05ee516,62
670cca73e0941d56b05ee4d8,63
670cca73e0941d56b05ee28e,64
670cca73e0941d56b05ee4ca,65
670cca73e0941d56b05ee3ec,66
670cca73e0941d56b05ee393,67
670cca73e0941d56b05ee3e5,68
670cca73e0941d56b05ee40e,69
670cca73e0941d56b05ee29b,70
670cca73e0941d56b05ee637,71
670cca73e0941d56b05ee3b8,72
670cca73e0941d56b05ee587,73
670cca73e0941d56b05ee4ae,74
670cca73e0941d56b05ee4b3,75
670cca73e0941d56b05ee49a,76
670cca73e0941d56b05ee480,77
670cca73e0941d56b05ee537,78
670cca73e0941d56b05ee3ae,79
670cca73e0941d56b05ee2d1,80
670cca73e0941d56b05ee387,81
670cca73e0941d56b05ee64a,82
670cca73e0941d56b05ee533,83
670cca73e0941d56b05ee48f,84
670cca73e0941d56b05ee3a2,85
670cca73e0941d56b05ee5ff,86
670cca73e0941d56b05ee63a,87
670cca73e0941d56b05ee52a,88
670cca73e0941d56b05ee442,89
670cca73e0941d56b05ee334,90
670cca73e0941d56b05ee3f7,91
670cca73e0941d56b05ee540,92
670cca73e0941d56b05ee5eb,93
670cca73e0941d56b05ee611,94
670cca73e0941d56b05ee27f,95
670cca73e0941d56b05ee5ef,96
670cca73e0941d56b05ee580,97
670cca73e0941d56b05ee414,98
670cca73e0941d56b05ee329,99
670cca73e0941d56b05ee281,100
670cca73e0941d56b05ee2f7,101
670cca73e0941d56b05ee46e,102
670cca73e0941d56b05ee4e6,103
670cca73e0941d56b05ee5ba,104
670cca73e0941d56b05ee5ed,105
670cca73e0941d56b05ee4d4,106
670cca73e0941d56b05ee4d6,107
670cca73e0941d56b05ee56c,108
670cca73e0941d56b05ee3c2,109
670cca73e0941d56b05ee39f,110
670cca73e0941d56b05ee4f4,111
670cca73e0941d56b05ee47a,112
670cca73e0941d56b05ee390,113
670cca73e0941d56b05ee41e,114
670cca73e0941d56b05ee5e6,115
670cca73e0941d56b05ee5ee,116
670cca73e0941d56b05ee3b4,117
670cca73e0941d56b05ee389,118
670cca73e0941d56b05ee443,119
670cca73e0941d56b05ee280,120
670cca73e0941d56b05ee590,121
670cca73e0941d56b05ee4bd,122
670cca73e0941d56b05ee5bf,123
670cca73e0941d56b05ee3c5,124
670cca73e0941d56b05ee541,125
670cca73e0941d56b05ee53c,126
670cca73e0941d56b05ee2e2,127
670cca73e0941d56b05ee525,128
670cca73e0941d56b05ee62f,129
670cca73e0941d56b05ee49c,130
670cca73e0941d56b05ee5f5,131
670cca73e0941d56b05ee50a,132
670cca73e0941d56b05ee3d0,133
670cca73e0941d56b05ee64d,134
670cca73e0941d56b05ee627,135
670cca73e0941d56b05ee37d,136
670cca73e0941d56b05ee43c,137
670cca73e0941d56b05ee4cb,138
670cca73e0941d56b05ee29a,139
670cca73e0941d56b05ee571,140
670cca73e0941d56b05ee3a4,141
670cca73e0941d56b05ee40c,142
670cca73e0941d56b05ee547,143
670cca73e0941d56b05ee43f,144
670cca73e0941d56b05ee43e,145
670cca73e0941d56b05ee4b0,146
670cca73e0941d56b05ee356,147
670cca73e0941d56b05ee347,148
670cca73e0941d56b05ee2a3,149
670cca73e0941d56b05ee3a7,150
670cca73e0941d56b05ee2db,151
670cca73e0941d56b05ee52d,152
670cca73e0941d56b05ee63d,153
670cca73e0941d56b05ee61d,154
670cca73e0941d56b05ee3e8,155
670cca73e0941d56b05ee2b8,156
670cca73e0941d56b05ee2b5,157
670cca73e0941d56b05ee3e3,158
670cca73e0941d56b05ee640,159
670cca73e0941d56b05ee556,160
670cca73e0941d56b05ee35b,161
670cca73e0941d56b05ee291,162
670cca73e0941d56b05ee39b,163
670cca73e0941d56b05ee487,164
670cca73e0941d56b05ee4fc,165
670cca73e0941d56b05ee59c,166
670cca73e0941d56b05ee3ca,167
670cca73e0941d56b05ee3f6,168
670cca73e0941d56b05ee3db,169
670cca73e0941d56b05ee285,170
670cca73e0941d56b05ee57e,171
670cca73e0941d56b05ee4e3,172
670cca73e0941d56b05ee4d3,173
670cca73e0941d56b05ee4c0,174
670cca73e0941d56b05ee3e2,175
670cca73e0941d56b05ee2b2,176
670cca73e0941d56b05ee4c2,177
670cca73e0941d56b05ee38c,178
670cca73e0941d56b05ee523,179
670cca73e0941d56b05ee2f4,180
670cca73e0941d56b05ee610,181
670cca73e0941d56b05ee5c3,182
670cca73e0941d56b05ee53b,183
670cca73e0941d56b05ee478,184
670cca73e0941d56b05ee5f7,185
670cca73e0941d56b05ee440,186
670cca73e0941d56b05ee57d,187
670cca73e0941d56b05ee4bf,188
670cca73e0941d56b05ee5b2,189
670cca73e0941d56b05ee417,190
670cca73e0941d56b05ee37b,191
670cca73e0941d56b05ee3df,192
670cca73e0941d56b05ee594,193
670cca73e0941d56b05ee501,194
670cca73e0941d56b05ee618,195
670cca73e0941d56b05ee650,196
670cca73e0941d56b05ee41c,197
670cca73e0941d56b05ee43b,198
670cca73e0941d56b05ee548,199
670cca73e0941d56b05ee57a,200
670cca73e0941d56b05ee328,201
670cca73e0941d56b05ee31d,202
670cca73e0941d56b05ee4ab,203
670cca73e0941d56b05ee449,204
670cca73e0941d56b05ee44b,205
670cca73e0941d56b05ee64b,206
670cca73e0941d56b05ee3e9,207
670cca73e0941d56b05ee4eb,208
670cca73e0941d56b05ee486,209
670cca73e0941d56b05ee340,210
670cca73e0941d56b05ee65c,211
670cca73e0941d56b05ee288,212
670cca73e0941d56b05ee45f,213
670cca73e0941d56b05ee2f2,214
670cca73e0941d56b05ee2fe,215
670cca73e0941d56b05ee48a,216
670cca73e0941d56b05ee5b0,217
670cca73e0941d56b05ee372,218
670cca73e0941d56b05ee481,219
670cca73e0941d56b05ee52f,220
670cca73e0941d56b05ee318,221
670cca73e0941d56b05ee636,222
670cca73e0941d56b05ee39c,223
670cca73e0941d56b05ee4c9,224
670cca73e0941d56b05ee3a5,225
670cca73e0941d56b05ee595,226
670cca73e0941d56b05ee3c3,227
670cca73e0941d56b05ee52e,228
670cca73e0941d56b05ee46d,229
670cca73e0941d56b05ee597,230
670cca73e0941d56b05ee4ba,231
670cca73e0941d56b05ee5be,232
670cca73e0941d56b05ee31c,233
670cca73e0941d56b05ee582,234
670cca73e0941d56b05ee3bb,235
670cca73e0941d56b05ee407,236
670cca73e0941d56b05ee315,237
670cca73e0941d56b05ee420,238
670cca73e0941d56b05ee4e0,239
670cca73e0941d56b05ee47e,240
670cca73e0941d56b05ee3f8,241
670cca73e0941d56b05ee4f8,242
670cca73e0941d56b05ee5b6,243
670cca73e0941d56b05ee41b,244
670cca73e0941d56b05ee5f6,245
670cca73e0941d56b05ee5c9,246
670cca73e0941d56b05ee50f,247
670cca73e0941d56b05ee3fc,248
670cca73e0941d56b05ee4cc,249
670cca73e0941d56b05ee55a,250
670cca73e0941d56b05ee656,251
670cca73e0941d56b05ee2f3,252
670cca73e0941d56b05ee297,253
670cca73e0941d56b05ee4a6,254
670cca73e0941d56b05ee633,255
670cca73e0941d56b05ee3f9,256
670cca73e0941d56b05ee2da,257
670cca73e0941d56b05ee535,258
670cca73e0941d56b05ee35d,259
670cca73e0941d56b05ee4f2,260
670cca73e0941d56b05ee378,261
670cca73e0941d56b05ee62a,262
670cca73e0941d56b05ee40a,263
670cca73e0941d56b05ee573,264
670cca73e0941d56b05ee2e6,265
670cca73e0941d56b05ee54a,266
670cca73e0941d56b05ee2e1,267
670cca73e0941d56b05ee5b3,268
670cca73e0941d56b05ee5d9,269
670cca73e0941d56b05ee599,270
670cca73e0941d56b05ee386,271
670cca73e0941d56b05ee2bd,272
670cca73e0941d56b05ee49b,273
670cca73e0941d56b05ee29d,274
670cca73e0941d56b05ee2a0,275
670cca73e0941d56b05ee3b6,276
670cca73e0941d56b05ee3d7,277
670cca73e0941d56b05ee412,278
670cca73e0941d56b05ee425,279
670cca73e0941d56b05ee4e2,280
670cca73e0941d56b05ee4ea,281
670cca73e0941d56b05ee3a1,282
670cca73e0941d56b05ee4aa,283
670cca73e0941d56b05ee33d,284
670cca73e0941d56b05ee4d5,285
670cca73e0941d56b05ee53e,286
670cca73e0941d56b05ee628,287
670cca73e0941d56b05ee494,288
670cca73e0941d56b05ee308,289
670cca73e0941d56b05ee65d,290
670cca73e0941d56b05ee50d,291
670cca73e0941d56b05ee2a7,292
670cca73e0941d56b05ee2a8,293
670cca73e0941d56b05ee42e,294
670cca73e0941d56b05ee33e,295
670cca73e0941d56b05ee615,296
670cca73e0941d56b05ee505,297
670cca73e0941d56b05ee5af,298
670cca73e0941d56b05ee2c6,299
670cca73e0941d56b05ee36e,300
670cca73e0941d56b05ee3dd,301
670cca73e0941d56b05ee34c,302
670cca73e0941d56b05ee642,303
670cca73e0941d56b05ee5bb,304
670cca73e0941d56b05ee4ed,305
670cca73e0941d56b05ee517,306
670cca73e0941d56b05ee5e7,307
670cca73e0941d56b05ee3c1,308
670cca73e0941d56b05ee36d,309
670cca73e0941d56b05ee47d,310
670cca73e0941d56b05ee44c,311
670cca73e0941d56b05ee652,312
670cca73e0941d56b05ee314,313
670cca73e0941d56b05ee471,314
670cca73e0941d56b05ee5e9,315
670cca73e0941d56b05ee383,316
670cca73e0941d56b05ee4df,317
670cca73e0941d56b05ee5bc,318
670cca73e0941d56b05ee56e,319
670cca73e0941d56b05ee4ee,320
670cca73e0941d56b05ee293,321
670cca73e0941d56b05ee570,322
670cca73e0941d56b05ee4be,323
670cca73e0941d56b05ee5db,324
670cca73e0941d56b05ee343,325
670cca73e0941d56b05ee410,326
670cca73e0941d56b05ee4d1,327
670cca73e0941d56b05ee295,328
670cca73e0941d56b05ee4cf,329
670cca73e0941d56b05ee4f7,330
670cca73e0941d56b05ee377,331
670cca73e0941d56b05ee598,332
670cca73e0941d56b05ee279,333
670cca73e0941d56b05ee2fd,334
670cca73e0941d56b05ee41d,335
670cca73e0941d56b05ee48c,336
670cca73e0941d56b05ee317,337
670cca73e0941d56b05ee32e,338
670cca73e0941d56b05ee607,339
670cca73e0941d56b05ee37f,340
670cca73e0941d56b05ee354,341
670cca73e0941d56b05ee428,342
670cca73e0941d56b05ee542,343
670cca73e0941d56b05ee38d,344
670cca73e0941d56b05ee4dd,345
670cca73e0941d56b05ee2ca,346
670cca73e0941d56b05ee431,347
670cca73e0941d56b05ee4fb,348
670cca73e0941d56b05ee56d,349
670cca73e0941d56b05ee424,350
670cca73e0941d56b05ee644,351
670cca73e0941d56b05ee593,352
670cca73e0941d56b05ee543,353
670cca73e0941d56b05ee435,354
670cca73e0941d56b05ee3cc,355
670cca73e0941d56b05ee460,356
670cca73e0941d56b05ee5ae,357
670cca73e0941d56b05ee588,358
670cca73e0941d56b05ee2d2,359
670cca73e0941d56b05ee33f,360
670cca73e0941d56b05ee408,361
670cca73e0941d56b05ee2c9,362
670cca73e0941d56b05ee3c9,363
670cca73e0941d56b05ee51e,364
670cca73e0941d56b05ee33b,365
670cca73e0941d56b05ee4f5,366
670cca73e0941d56b05ee614,367
670cca73e0941d56b05ee359,368
670cca73e0941d56b05ee362,369
670cca73e0941d56b05ee5a4,370
670cca73e0941d56b05ee4a9,371
670cca73e0941d56b05ee416,372
670cca73e0941d56b05ee4c6,373
670cca73e0941d56b05ee60b,374
670cca73e0941d56b05ee3dc,375
670cca73e0941d56b05ee507,376
670cca73e0941d56b05ee527,377
670cca73e0941d56b05ee2b0,378
670cca73e0941d56b05ee463,379
670cca73e0941d56b05ee578,380
670cca73e0941d56b05ee5f1,381
670cca73e0941d56b05ee3ef,382
670cca73e0941d56b05ee65a,383
670cca73e0941d56b05ee658,384
670cca73e0941d56b05ee464,385
670cca73e0941d56b05ee286,386
670cca73e0941d56b05ee45c,387
670cca73e0941d56b05ee625,388
670cca73e0941d56b05ee654,389
670cca73e0941d56b05ee638,390
670cca73e0941d56b05ee45b,391
670cca73e0941d56b05ee653,392
670cca73e0941d56b05ee4ec,393
670cca73e0941d56b05ee335,394
670cca73e0941d56b05ee552,395
670cca73e0941d56b05ee302,396
670cca73e0941d56b05ee643,397
670cca73e0941d56b05ee55f,398
670cca73e0941d56b05ee28d,399
670cca73e0941d56b05ee4cd,400
670cca73e0941d56b05ee4c3,401
670cca73e0941d56b05ee466,402
670cca73e0941d56b05ee485,403
670cca73e0941d56b05ee512,404
670cca73e0941d56b05ee509,405
670cca73e0941d56b05ee423,406
670cca73e0941d56b05ee4e1,407
670cca73e0941d56b05ee3d1,408
670cca73e0941d56b05ee35e,409
670cca73e0941d56b05ee45d,410
670cca73e0941d56b05ee577,411
670cca73e0941d56b05ee30c,412
670cca73e0941d56b05ee612,413
670cca73e0941d56b05ee561,414
670cca73e0941d56b05ee30b,415
670cca73e0941d56b05ee4fa,416
670cca73e0941d56b05ee58f,417
670cca73e0941d56b05ee2a9,418
670cca73e0941d56b05ee4d9,419
670cca73e0941d56b05ee4c1,420
670cca73e0941d56b05ee409,421
670cca73e0941d56b05ee438,422
670cca73e0941d56b05ee554,423
670cca73e0941d56b05ee355,424
670cca73e0941d56b05ee5c8,425
670cca73e0941d56b05ee61b,426
670cca73e0941d56b05ee583,427
670cca73e0941d56b05ee5d7,428
670cca73e0941d56b05ee5ad,429
670cca73e0941d56b05ee457,430
670cca73e0941d56b05ee2a4,431
670cca73e0941d56b05ee496,432
670cca73e0941d56b05ee5f2,433
670cca73e0941d56b05ee5fc,434
670cca73e0941d56b05ee59f,435
670cca73e0941d56b05ee2b1,436
670cca73e0941d56b05ee3f4,437
670cca73e0941d56b05ee37a,438
670cca73e0941d56b05ee555,439
670cca73e0941d56b05ee368,440
670cca73e0941d56b05ee48b,441
670cca73e0941d56b05ee4bb,442
670cca73e0941d56b05ee4e8,443
670cca73e0941d56b05ee41a,444
670cca73e0941d56b05ee313,445
670cca73e0941d56b05ee324,446
670cca73e0941d56b05ee5d1,447
670cca73e0941d56b05ee508,448
670cca73e0941d56b05ee56b,449
670cca73e0941d56b05ee391,450
670cca73e0941d56b05ee2d7,451
670cca73e0941d56b05ee5f9,452
670cca73e0941d56b05ee2dc,453
670cca73e0941d56b05ee327,454
670cca73e0941d56b05ee2ea,455
670cca73e0941d56b05ee3ce,456
670cca73e0941d56b05ee60e,457
670cca73e0941d56b05ee59e,458
670cca73e0941d56b05ee488,459
670cca73e0941d56b05ee52b,460
670cca73e0941d56b05ee2ba,461
670cca73e0941d56b05ee365,462
670cca73e0941d56b05ee4b4,463
670cca73e0941d56b05ee4f0,464
670cca73e0941d56b05ee405,465
670cca73e0941d56b05ee58c,466
670cca73e0941d56b05ee4fd,467
670cca73e0941d56b05ee4a1,468
670cca73e0941d56b05ee458,469
670cca73e0941d56b05ee62d,470
670cca73e0941d56b05ee3ba,471
670cca73e0941d56b05ee323,472
670cca73e0941d56b05ee63b,473
670cca73e0941d56b05ee4f6,474
670cca73e0941d56b05ee2cf,475
670cca73e0941d56b05ee3d5,476
670cca73e0941d56b05ee591,477
670cca73e0941d56b05ee651,478
670cca73e0941d56b05ee569,479
670cca73e0941d56b05ee526,480
670cca73e0941d56b05ee5f3,481
670cca73e0941d56b05ee419,482
670cca73e0941d56b05ee61f,483
670cca73e0941d56b05ee495,484
670cca73e0941d56b05ee613,485
670cca73e0941d56b05ee41f,486
670cca73e0941d56b05ee2ae,487
670cca73e0941d56b05ee584,488
670cca73e0941d56b05ee371,489
670cca73e0941d56b05ee489,490
670cca73e0941d56b05ee5ea,491
670cca73e0941d56b05ee363,492
670cca73e0941d56b05ee30a,493
670cca73e0941d56b05ee34d,494
670cca73e0941d56b05ee4ef,495
670cca73e0941d56b05ee5d5,496
670cca73e0941d56b05ee532,497
670cca73e0941d56b05ee4d2,498
670cca73e0941d56b05ee3c6,499
670cca73e0941d56b05ee35c,500
670cca73e0941d56b05ee5b7,501
670cca73e0941d56b05ee4b8,502
670cca73e0941d56b05ee439,503
670cca73e0941d56b05ee564,504
670cca73e0941d56b05ee430,505
670cca73e0941d56b05ee592,506
670cca73e0941d56b05ee61e,507
670cca73e0941d56b05ee56a,508
670cca73e0941d56b05ee492,509
670cca73e0941d56b05ee3de,510
670cca73e0941d56b05ee626,511
670cca73e0941d56b05ee44d,512
670cca73e0941d56b05ee309,513
670cca73e0941d56b05ee278,514
670cca73e0941d56b05ee298,515
670cca73e0941d56b05ee453,516
670cca73e0941d56b05ee338,517
670cca73e0941d56b05ee381,518
670cca73e0941d56b05ee3f0,519
670cca73e0941d56b05ee524,520
670cca73e0941d56b05ee58e,521
670cca73e0941d56b05ee5e1,522
670cca73e0941d56b05ee566,523
670cca73e0941d56b05ee4ac,524
670cca73e0941d56b05ee301,525
670cca73e0941d56b05ee3ac,526
670cca73e0941d56b05ee465,527
670cca73e0941d56b05ee2dd,528
670cca73e0941d56b05ee5dd,529
670cca73e0941d56b05ee5de,530
670cca73e0941d56b05ee43d,531
670cca73e0941d56b05ee454,532
670cca73e0941d56b05ee38b,533
670cca73e0941d56b05ee50b,534
670cca73e0941d56b05ee4d0,535
670cca73e0941d56b05ee36c,536
670cca73e0941d56b05ee54e,537
670cca73e0941d56b05ee52c,538
670cca73e0941d56b05ee399,539
670cca73e0941d56b05ee4b1,540
670cca73e0941d56b05ee5c0,541
670cca73e0941d56b05ee2f6,542
670cca73e0941d56b05ee479,543
670cca73e0941d56b05ee40d,544
670cca73e0941d56b05ee5a2,545
670cca73e0941d56b05ee2f5,546
670cca73e0941d56b05ee46c,547
670cca73e0941d56b05ee54d,548
670cca73e0941d56b05ee3b5,549
670cca73e0941d56b05ee300,550
670cca73e0941d56b05ee4fe,551
670cca73e0941d56b05ee284,552
670cca73e0941d56b05ee422,553
670cca73e0941d56b05ee49e,554
670cca73e0941d56b05ee3bf,555
670cca73e0941d56b05ee57f,556
670cca73e0941d56b05ee629,557
670cca73e0941d56b05ee3e6,558
670cca73e0941d56b05ee282,559
670cca73e0941d56b05ee5cf,560
670cca73e0941d56b05ee3e7,561
670cca73e0941d56b05ee350,562
670cca73e0941d56b05ee3a0,563
670cca73e0941d56b05ee2d9,564
670cca73e0941d56b05ee48d,565
670cca73e0941d56b05ee604,566
670cca73e0941d56b05ee360,567
670cca73e0941d56b05ee646,568
670cca73e0941d56b05ee38f,569
670cca73e0941d56b05ee34b,570
670cca73e0941d56b05ee645,571
670cca73e0941d56b05ee567,572
670cca73e0941d56b05ee30d,573
670cca73e0941d56b05ee31b,574
670cca73e0941d56b05ee4a7,575
670cca73e0941d56b05ee544,576
670cca73e0941d56b05ee5d2,577
670cca73e0941d56b05ee3b7,578
670cca73e0941d56b05ee5b1,579
670cca73e0941d56b05ee3b0,580
670cca73e0941d56b05ee418,581
670cca73e0941d56b05ee519,582
670cca73e0941d56b05ee2cb,583
670cca73e0941d56b05ee320,584
670cca73e0941d56b05ee380,585
670cca73e0941d56b05ee2c4,586
670cca73e0941d56b05ee459,587
670cca73e0941d56b05ee5e0,588
670cca73e0941d56b05ee59d,589
670cca73e0941d56b05ee364,590
670cca73e0941d56b05ee534,591
670cca73e0941d56b05ee63c,592
670cca73e0941d56b05ee575,593
670cca73e0941d56b05ee2de,594
670cca73e0941d56b05ee586,595
670cca73e0941d56b05ee5c6,596
670cca73e0941d56b05ee28b,597
670cca73e0941d56b05ee647,598
670cca73e0941d56b05ee3f2,599
670cca73e0941d56b05ee608,600
670cca73e0941d56b05ee5ca,601
670cca73e0941d56b05ee2c0,602
670cca73e0941d56b05ee589,603
670cca73e0941d56b05ee4c8,604
670cca73e0941d56b05ee344,605
670cca73e0941d56b05ee63e,606
670cca73e0941d56b05ee426,607
670cca73e0941d56b05ee55d,608
670cca73e0941d56b05ee2c8,609
670cca73e0941d56b05ee3cf,610
670cca73e0941d56b05ee601,611
670cca73e0941d56b05ee2ce,612
670cca73e0941d56b05ee2e5,613
670cca73e0941d56b05ee27d,614
670cca73e0941d56b05ee60a,615
670cca73e0941d56b05ee290,616
670cca73e0941d56b05ee550,617
670cca73e0941d56b05ee563,618
670cca73e0941d56b05ee31a,619
670cca73e0941d56b05ee2b6,620
670cca73e0941d56b05ee2fc,621
670cca73e0941d56b05ee470,622
670cca73e0941d56b05ee5a7,623
670cca73e0941d56b05ee536,624
670cca73e0941d56b05ee331,625
670cca73e0941d56b05ee579,626
